PC1001,Nill Dep
PC1001, Return to invoice
PC1001, Consumables
PC1002,Nill Dep
PC1002, Return to invoice
PC1002, Consumables
PC1002,Tyre 50%
PC1003,Nill Dep
PC1003, Return to invoice
PC1003, Consumables
PC1004,Nill Dep
PC1004, Return to invoice
PC1004, Consumables
PC1005,Nill Dep
PC1005, Return to invoice
PC1005, Consumables
PC1006,Nill Dep
PC1006, Return to invoice
PC1006, Consumables
PC1006,Tyre 50%
PC1007,Nill Dep
PC1007, Return to invoice
PC1007, Consumables
PC1007,Tyre 50%
PC1008,Nill Dep
PC1008, Return to invoice
PC1008, Consumables
PC1009,Nill Dep
PC1009, Return to invoice
PC1009, Consumables
PC1010,Nill Dep
PC1010, Return to invoice
PC1010, Consumables
PC1010,Tyre 50%
PC1011,Nill Dep
PC1011, Return to invoice
PC1011, Consumables
PC1011,Tyre 50%
